{"cameraMode":{"drawMode":0,"name":"Shaded","section":"Shading Mode"},"sceneLighting":true,"audioPlay":false,"sceneViewState":{"m_AlwaysRefresh":false,"showFog":true,"showSkybox":true,"showFlares":true,"showImageEffects":true,"showParticleSystems":true,"showVisualEffectGraphs":true,"m_FxEnabled":true},"in2DMode":false,"pivot":{"x":0.7475512623786926,"y":0.7010980248451233,"z":-2.406578302383423},"rotation":{"x":0.018661288544535638,"y":0.9804031252861023,"z":-0.11523274332284928,"w":0.1587187498807907},"size":2.0075831413269045,"orthographic":false}